"labels","mnicoordsX","mnicoordsY","mnicoordsZ","parcelnum","Juelich.Histological.Atlas","Harvard.Oxford.Cortical.Structural.Atlas","Harvard.Oxford.Subcortical.Structural.Atlas","JHU.ICBM.DTI.81.White.Matter.labels","JHU.White.Matter.tractography.Atlas","Oxford.Thalamic.Connectivity.Atlas","Cerebellar.Atlas.in.MNI152.after.FLIRT","Cerebellar.Atlas.in.MNI152.after.FNIRT","MNI.Structural.Atlas","short_labels","yeo7","merged_labels","yeo7Intero_Shortlabels","shortER_labels"
"Schaefer_Left-Vis-1",-23.7670126874279,-52.9983852364475,-9.06712802768166,1001,"GM Visual cortex V1 BA17 L","Lingual Gyrus","Left Cerebral Cortex","NaN","NaN","NaN",NA,NA,"Occipital Lobe","Lingual Gyrus L","Vis","Visual cortex V1 BA17 L","Vis","Lingual Gyr L"
"Schaefer_Left-Vis-2",-25.3838541087513,-76.8615589903258,-13.5442010452574,1002,"GM Visual cortex V4 L","Occipital Fusiform Gyrus","Left Cerebral Cortex","NaN","Inferior fronto-occipital fasciculus L","NaN",NA,NA,"Occipital Lobe","Occipital Fusiform Gyrus L","Vis","Visual cortex V4 L","Vis","Occip Fusif Gyr L"
"Schaefer_Left-Vis-3",-45.3722677595628,-69.3869535519126,-8.38866120218579,1003,"GM Visual cortex V5 L","Lateral Occipital Cortex, inferior division","Left Cerebral Cortex","NaN","NaN","NaN",NA,NA,"Occipital Lobe","Lateral Occipital Cortex Inf L","Vis","Visual cortex V5 L","Vis","Lat Occip Cort Inf L"
"Schaefer_Left-Vis-4",-9.66064209274673,-66.797146254459,-4.49583828775268,1004,"GM Visual cortex V2 BA18 L","Lingual Gyrus","Left Cerebral Cortex","NaN","NaN","NaN",NA,NA,"Occipital Lobe","Lingual Gyrus L","Vis","Visual cortex V2 BA18 L","Vis","Lingual Gyr L"
"Schaefer_Left-Vis-5",-26.6096795507103,-94.8577799801784,-12.3301949124546,1005,"GM Visual cortex V3V L","Occipital Pole","Left Cerebral Cortex","NaN","NaN","NaN",NA,NA,"Occipital Lobe","Occipital Pole L","Vis","Visual cortex V3V L","Vis","Occip Pole L"
"Schaefer_Left-Vis-6",-14.284659557014,-44.597210828548,-3.09105824446267,1006,"WM Cingulum L","Lingual Gyrus","Left Cerebral Cortex","NaN","Cingulum (hippocampus) L","NaN",NA,NA,"Parietal Lobe","Lingual Gyrus L","Vis","Cingulum L","Vis","Lingual Gyr L"
"Schaefer_Left-Vis-7",-6.07969275084014,-92.8382141142583,-4.46695471275405,1007,"GM Visual cortex V2 BA18 L","Occipital Pole","Left Cerebral Cortex","NaN","Inferior fronto-occipital fasciculus L","NaN",NA,NA,"Occipital Lobe","Occipital Pole L","Vis","Visual cortex V2 BA18 L","Vis","Occip Pole L"
"Schaefer_Left-Vis-8",-47.1544169611307,-69.9625441696113,9.72102473498234,1008,"GM Visual cortex V5 L","Lateral Occipital Cortex, inferior division","Left Cerebral Cortex","NaN","NaN","NaN",NA,NA,"Occipital Lobe","Lateral Occipital Cortex Inf L","Vis","Visual cortex V5 L","Vis","Lat Occip Cort Inf L"
"Schaefer_Left-Vis-9",-22.5534452990111,-96.7742897504316,6.0072202166065,1009,"GM Visual cortex V3V L","Occipital Pole","Left Cerebral Cortex","NaN","NaN","NaN",NA,NA,"Occipital Lobe","Occipital Pole L","Vis","Visual cortex V3V L","Vis","Occip Pole L"
"Schaefer_Left-Vis-10",-11.8545403977194,-69.4913085801697,7.18397997496871,1010,"GM Visual cortex V1 BA17 L","Intracalcarine Cortex","Left Cerebral Cortex","NaN","NaN","NaN",NA,NA,"Occipital Lobe","Intracalcarine Cortex L","Vis","Visual cortex V1 BA17 L","Vis","Intracalcarine Cort L"
"Schaefer_Left-Vis-11",-39.836268953898,-84.5487823556441,10.2531781283504,1011,"GM Visual cortex V5 L","Lateral Occipital Cortex, inferior division","Left Cerebral Cortex","NaN","NaN","NaN",NA,NA,"Occipital Lobe","Lateral Occipital Cortex Inf L","Vis","Visual cortex V5 L","Vis","Lat Occip Cort Inf L"
"Schaefer_Left-Vis-12",-12.2392039053699,-72.8077356365002,22.4431092752535,1012,"WM Optic radiation L","Cuneal Cortex","Left Cerebral Cortex","NaN","NaN","NaN",NA,NA,"Occipital Lobe","Cuneal Cortex L","Vis","Optic radiation L","Vis","Cuneal Cort L"
"Schaefer_Left-Vis-13",-8.53859264670075,-87.7903579254931,28.2019722425128,1013,"GM Visual cortex V2 BA18 L","Cuneal Cortex","Left Cerebral Cortex","NaN","Forceps major","NaN",NA,NA,"Occipital Lobe","Cuneal Cortex L","Vis","Visual cortex V2 BA18 L","Vis","Cuneal Cort L"
"Schaefer_Left-Vis-14",-23.1633113222741,-86.9136736994685,23.8769528104365,1014,"NaN","Lateral Occipital Cortex, superior division","Left Cerebral Cortex","NaN","Forceps major","NaN",NA,NA,"Occipital Lobe","Lateral Occipital Cortex Sup L","Vis","Lateral Occipital Cortex Sup L","Vis","Lat Occip Cort Sup L"
"Schaefer_Left-SomMot-1",-50.7115874363328,-4.92720713073005,-2.16638370118845,1015,"GM Primary auditory cortex TE1.2 L","Planum Polare","Left Cerebral Cortex","NaN","NaN","NaN",NA,NA,"Temporal Lobe","Planum Polare L","SomMot","Primary auditory cortex TE1.2 L","SomMot","Planum Polare L"
"Schaefer_Left-SomMot-2",-52.6466573600124,-24.885993485342,9.21839615324957,1016,"GM Primary auditory cortex TE1.0 L","Planum Temporale","Left Cerebral Cortex","NaN","NaN","NaN",NA,NA,"Temporal Lobe","Planum Temporale L","SomMot","Primary auditory cortex TE1.0 L","SomMot","Planum Temp L"
"Schaefer_Left-SomMot-3",-36.9481180061038,-21.1579348931841,15.3934384537131,1017,"GM Secondary somatosensory cortex / Parietal operculum OP2 L","Insular Cortex","Left Cerebral Cortex","NaN","NaN","NaN",NA,NA,"Insula","Insular Cortex L","SomMot","Secondary somatosensory cortex OP2 L","Intero","Insular Cort L"
"Schaefer_Left-SomMot-4",-54.7902457610974,-4.71556486949895,10.2804343684511,1018,"GM Secondary somatosensory cortex / Parietal operculum OP4 L","Central Opercular Cortex","Left Cerebral Cortex","NaN","NaN","NaN",NA,NA,"Frontal Lobe","Central Opercular Cortex L","SomMot","Secondary somatosensory cortex OP4 L","Intero","Cent Operc Cort L"
"Schaefer_Left-SomMot-5",-53.1674812642555,-22.5083088954057,18.3600521342457,1019,"GM Secondary somatosensory cortex / Parietal operculum OP1 L","Central Opercular Cortex","Left Cerebral Cortex","NaN","NaN","NaN",NA,NA,"Parietal Lobe","Central Opercular Cortex L","SomMot","Secondary somatosensory cortex OP1 L","Intero","Cent Operc Cort L"
"Schaefer_Left-SomMot-6",-56.1642276422764,-8.31322985957132,30.5884700665189,1020,"GM Primary somatosensory cortex BA3b L","Precentral Gyrus","Left Cerebral Cortex","NaN","Superior longitudinal fasciculus L","NaN",NA,NA,"Frontal Lobe","Precentral Gyrus L","SomMot","Primary somatosensory cortex BA3b L","SomMot","Precent Gyr L"
"Schaefer_Left-SomMot-7",-47.1175071360609,-8.89105613701237,46.4093720266413,1021,"GM Primary motor cortex BA4a L","Precentral Gyrus","Left Cerebral Cortex","NaN","Superior longitudinal fasciculus L","NaN",NA,NA,"Frontal Lobe","Precentral Gyrus L","SomMot","Primary motor cortex BA4a L","SomMot","Precent Gyr L"
"Schaefer_Left-SomMot-8",-7.30390951561347,-12.4597983771822,46.3083353823457,1022,"GM Premotor cortex BA6 L","Juxtapositional Lobule Cortex (formerly Supplementary Motor Cortex)","Left Cerebral Cortex","NaN","NaN","NaN",NA,NA,"Frontal Lobe","Juxtapositional Lobule Cortex  L","SomMot","Premotor cortex BA6 L","SomMot","Juxtapos Lob Cort  L"
"Schaefer_Left-SomMot-9",-48.3315972222222,-28.2447916666667,56.8012152777778,1023,"GM Primary somatosensory cortex BA1 L","Postcentral Gyrus","Left Cerebral Cortex","NaN","NaN","NaN",NA,NA,"Parietal Lobe","Postcentral Gyrus L","SomMot","Primary somatosensory cortex BA1 L","Intero","Postcent Gyr L"
"Schaefer_Left-SomMot-10",-39.3130334486736,-24.0286043829296,57.5340253748558,1024,"GM Primary motor cortex BA4a L","Precentral Gyrus","Left Cerebral Cortex","NaN","NaN","NaN",NA,NA,"Parietal Lobe","Precentral Gyrus L","SomMot","Primary motor cortex BA4a L","SomMot","Precent Gyr L"
"Schaefer_Left-SomMot-11",-30.8408710217755,-46.3420435510888,62.6020100502513,1025,"GM Superior parietal lobule 7PC L","Superior Parietal Lobule","Left Cerebral Cortex","NaN","Superior longitudinal fasciculus L","NaN",NA,NA,"Parietal Lobe","Superior Parietal Lobule L","SomMot","Superior parietal lobule 7PC L","SomMot","Sup Pariet Lob L"
"Schaefer_Left-SomMot-12",-31.2719622331691,-19.7756568144499,63.9936371100164,1026,"GM Premotor cortex BA6 L","Precentral Gyrus","Left Cerebral Cortex","NaN","NaN","NaN",NA,NA,"Frontal Lobe","Precentral Gyrus L","SomMot","Premotor cortex BA6 L","SomMot","Precent Gyr L"
"Schaefer_Left-SomMot-13",-26.1994627266622,-37.9550033579584,67.5732034922767,1027,"GM Primary somatosensory cortex BA1 L","Postcentral Gyrus","Left Cerebral Cortex","NaN","Anterior thalamic radiation L","NaN",NA,NA,"Parietal Lobe","Postcentral Gyrus L","SomMot","Primary somatosensory cortex BA1 L","Intero","Postcent Gyr L"
"Schaefer_Left-SomMot-14",-20.2253036901215,-10.5177630071052,68.0781572312629,1028,"GM Premotor cortex BA6 L","Superior Frontal Gyrus","Left Cerebral Cortex","NaN","NaN","NaN",NA,NA,"Frontal Lobe","Superior Frontal Gyrus L","SomMot","Premotor cortex BA6 L","SomMot","Sup Front Gyr L"
"Schaefer_Left-SomMot-15",-6.9633953544935,-30.5837285662167,66.4439985406786,1029,"GM Primary motor cortex BA4a L","Precentral Gyrus","Left Cerebral White Matter","NaN","NaN","NaN",NA,NA,"Frontal Lobe","Precentral Gyrus L","SomMot","Primary motor cortex BA4a L","SomMot","Precent Gyr L"
"Schaefer_Left-SomMot-16",-19.0841968911917,-30.7841105354059,67.6571675302245,1030,"GM Primary motor cortex BA4a L","Postcentral Gyrus","Left Cerebral Cortex","NaN","Corticospinal tract L","NaN",NA,NA,"Frontal Lobe","Postcentral Gyrus L","SomMot","Primary motor cortex BA4a L","Intero","Postcent Gyr L"
"Schaefer_Left-DorsAttn-Post-1",-43.3144819228439,-48.1627953948697,-19.3986063421531,1031,"NaN","Temporal Occipital Fusiform Cortex","Left Cerebral Cortex","NaN","NaN","NaN",NA,NA,"Temporal Lobe","Temporal Occipital Fusiform Cortex L","DorsAttn","Temporal Occipital Fusiform Cortex L","DorsAttn","Temp Occip Fusif Cort L"
"Schaefer_Left-DorsAttn-Post-2",-57.0375699440448,-60.1666666666667,-1.28057553956835,1032,"NaN","Middle Temporal Gyrus, temporooccipital part","Left Cerebral Cortex","NaN","Superior longitudinal fasciculus L","NaN",NA,NA,"Temporal Lobe","Middle Temporal Gyrus TempOcci L","DorsAttn","Middle Temporal Gyrus TempOcci L","DorsAttn","Mid Temp Gyr TempOcci L"
"Schaefer_Left-DorsAttn-Post-3",-25.8384185646755,-69.9808766652342,38.191018478728,1033,"GM Superior parietal lobule 7A L","Lateral Occipital Cortex, superior division","Left Cerebral Cortex","NaN","NaN","NaN",NA,NA,"Parietal Lobe","Lateral Occipital Cortex Sup L","DorsAttn","Superior parietal lobule 7A L","DorsAttn","Lat Occip Cort Sup L"
"Schaefer_Left-DorsAttn-Post-4",-54.1733909702209,-26.3727185398655,42.1011047070125,1034,"GM Primary somatosensory cortex BA2 L","Postcentral Gyrus","Left Cerebral Cortex","NaN","NaN","NaN",NA,NA,"Parietal Lobe","Postcentral Gyrus L","DorsAttn","Primary somatosensory cortex BA2 L","Intero","Postcent Gyr L"
"Schaefer_Left-DorsAttn-Post-5",-40.6309739866909,-35.0514216575923,47.4948578342408,1035,"GM Primary somatosensory cortex BA2 L","Postcentral Gyrus","Left Cerebral Cortex","NaN","Superior longitudinal fasciculus L","NaN",NA,NA,"Parietal Lobe","Postcentral Gyrus L","DorsAttn","Primary somatosensory cortex BA2 L","Intero","Postcent Gyr L"
"Schaefer_Left-DorsAttn-Post-6",-33.2919640086876,-48.7679180887372,47.087185851691,1036,"GM Anterior intra-parietal sulcus hIP3 L","Superior Parietal Lobule","Left Cerebral Cortex","NaN","Superior longitudinal fasciculus L","NaN",NA,NA,"Parietal Lobe","Superior Parietal Lobule L","DorsAttn","Anterior intra-parietal sulcus hIP3 L","DorsAttn","Sup Pariet Lob L"
"Schaefer_Left-DorsAttn-Post-7",-16.7182263996731,-73.138741315897,54.0431140171639,1037,"GM Superior parietal lobule 7P L","Lateral Occipital Cortex, superior division","Left Cerebral Cortex","NaN","NaN","NaN",NA,NA,"Parietal Lobe","Lateral Occipital Cortex Sup L","DorsAttn","Superior parietal lobule 7P L","DorsAttn","Lat Occip Cort Sup L"
"Schaefer_Left-DorsAttn-Post-8",-29.0585741811175,-59.9895953757225,59.3410404624277,1038,"GM Superior parietal lobule 7A L","Lateral Occipital Cortex, superior division","Left Cerebral Cortex","NaN","NaN","NaN",NA,NA,"Parietal Lobe","Lateral Occipital Cortex Sup L","DorsAttn","Superior parietal lobule 7A L","DorsAttn","Lat Occip Cort Sup L"
"Schaefer_Left-DorsAttn-Post-9",-6.06350224502887,-59.5961086166346,57.3942698310883,1039,"GM Superior parietal lobule 7A L","Precuneous Cortex","Left Cerebral Cortex","NaN","NaN","NaN",NA,NA,"Parietal Lobe","Precuneous Cortex L","DorsAttn","Superior parietal lobule 7A L","DorsAttn","Precuneous Cort L"
"Schaefer_Left-DorsAttn-Post-10",-17.219664455716,-52.8374951229029,68.2971127584862,1040,"GM Superior parietal lobule 7A L","Superior Parietal Lobule","Left Cerebral Cortex","NaN","NaN","NaN",NA,NA,"Parietal Lobe","Superior Parietal Lobule L","DorsAttn","Superior parietal lobule 7A L","DorsAttn","Sup Pariet Lob L"
"Schaefer_Left-DorsAttn-FEF-1",-31.324640588432,-4.31561350718823,53.2582748244734,1041,"GM Premotor cortex BA6 L","Middle Frontal Gyrus","Left Cerebral Cortex","NaN","NaN","NaN",NA,NA,"Frontal Lobe","Middle Frontal Gyrus L","DorsAttn","Premotor cortex BA6 L","DorsAttn","Mid Front Gyr L"
"Schaefer_Left-DorsAttn-FEF-2",-22.5379280450802,5.53597745990464,61.4932813177286,1042,"GM Premotor cortex BA6 L","Superior Frontal Gyrus","Left Cerebral Cortex","NaN","NaN","NaN",NA,NA,"Frontal Lobe","Superior Frontal Gyrus L","DorsAttn","Premotor cortex BA6 L","DorsAttn","Sup Front Gyr L"
"Schaefer_Left-DorsAttn-PrCv-1",-47.8168804056069,5.64598866686549,28.875932001193,1043,"GM Broca's area BA44 L","Precentral Gyrus","Left Cerebral Cortex","NaN","NaN","NaN",NA,NA,"Frontal Lobe","Precentral Gyrus L","DorsAttn","Broca's area BA44 L","DorsAttn","Precent Gyr L"
"Schaefer_Left-SalVentAttn-ParOper-1",-55.861105092091,-40.0567713976165,20.4641386782232,1044,"GM Inferior parietal lobule PF L","Planum Temporale","Left Cerebral Cortex","NaN","Superior longitudinal fasciculus L","NaN",NA,NA,"Parietal Lobe","Planum Temporale L","SalVentAttn","Inferior parietal lobule PF L","SalVentAttn","Planum Temp L"
"Schaefer_Left-SalVentAttn-ParOper-2",-60.9368728334246,-25.4712643678161,28.5920452472177,1045,"GM Inferior parietal lobule PFop L","Supramarginal Gyrus, anterior division","Left Cerebral Cortex","NaN","NaN","NaN",NA,NA,"Parietal Lobe","Supramarginal Gyrus Ant L","SalVentAttn","Inferior parietal lobule PFop L","SalVentAttn","Supramarg Gyr Ant L"
"Schaefer_Left-SalVentAttn-ParOper-3",-59.7375291375291,-39.3909090909091,36.0221445221445,1046,"GM Inferior parietal lobule PF L","Supramarginal Gyrus, anterior division","Left Cerebral Cortex","NaN","Superior longitudinal fasciculus L","NaN",NA,NA,"Parietal Lobe","Supramarginal Gyrus Ant L","SalVentAttn","Inferior parietal lobule PF L","SalVentAttn","Supramarg Gyr Ant L"
"Schaefer_Left-SalVentAttn-FrOperIns-1",-39.197486535009,-4.07719928186715,-3.64937163375224,1047,"GM Insula Id1 L","Insular Cortex","Left Cerebral Cortex","NaN","NaN","NaN",NA,NA,"Insula","Insular Cortex L","SalVentAttn","Insula Id1 L","Intero","Insular Cort L"
"Schaefer_Left-SalVentAttn-FrOperIns-2",-33.5726085798028,20.3562483346656,4.7791100452971,1048,"NaN","Insular Cortex","Left Cerebral Cortex","NaN","NaN","NaN",NA,NA,"Insula","Insular Cortex L","SalVentAttn","Insular Cortex L","Intero","Insular Cort L"
"Schaefer_Left-SalVentAttn-FrOperIns-3",-38.8310810810811,0.80236486486487,10.961570945946,1049,"NaN","Central Opercular Cortex","Left Cerebral Cortex","NaN","NaN","NaN",NA,NA,"Insula","Central Opercular Cortex L","SalVentAttn","Central Opercular Cortex L","Intero","Cent Operc Cort L"
"Schaefer_Left-SalVentAttn-FrOperIns-4",-51.0974693059384,8.718616887998,10.4605362064645,1050,"GM Broca's area BA44 L","Inferior Frontal Gyrus, pars opercularis","Left Cerebral Cortex","NaN","Superior longitudinal fasciculus L","NaN",NA,NA,"Frontal Lobe","Inferior Frontal Gyrus ParsOper L","SalVentAttn","Broca's area BA44 L","SalVentAttn","Inf Front Gyr ParsOper L"
"Schaefer_Left-SalVentAttn-PFCl-1",-28.6741914066205,42.8765057384046,31.2481267191502,1051,"NaN","Frontal Pole","Left Cerebral Cortex","NaN","NaN","NaN",NA,NA,"Frontal Lobe","Frontal Pole L","SalVentAttn","Frontal Pole L","SalVentAttn","Front Pole L"
"Schaefer_Left-SalVentAttn-Med-1",-6.20764374680088,9.48967752943184,41.4459989762839,1052,"GM Premotor cortex BA6 L","Cingulate Gyrus, anterior division","Left Cerebral Cortex","NaN","NaN","NaN",NA,NA,"Frontal Lobe","Cingulate Gyrus Ant L","SalVentAttn","Premotor cortex BA6 L","Intero","Cingu Gyr Ant L"
"Schaefer_Left-SalVentAttn-Med-2",-10.7169701666021,-35.185780705153,46.2851607903913,1053,"GM Superior parietal lobule 5Ci L","Precentral Gyrus","Left Cerebral Cortex","NaN","NaN","NaN",NA,NA,"Parietal Lobe","Precentral Gyrus L","SalVentAttn","Superior parietal lobule 5Ci L","SalVentAttn","Precent Gyr L"
"Schaefer_Left-SalVentAttn-Med-3",-6.71183717193358,-3.27878950187467,65.4973219068024,1054,"GM Premotor cortex BA6 L","Juxtapositional Lobule Cortex (formerly Supplementary Motor Cortex)","Left Cerebral White Matter","NaN","NaN","NaN",NA,NA,"Frontal Lobe","Juxtapositional Lobule Cortex  L","SalVentAttn","Premotor cortex BA6 L","SalVentAttn","Juxtapos Lob Cort  L"
"Schaefer_Left-Limbic-OFC-1",-23.5328621908127,21.8082449941107,-19.9194346289753,1055,"NaN","Frontal Orbital Cortex","Left Cerebral Cortex","NaN","NaN","NaN",NA,NA,"Frontal Lobe","Frontal Orbital Cortex L","Limbic","Frontal Orbital Cortex L","Intero","Front Orbital Cort L"
"Schaefer_Left-Limbic-OFC-2",-9.95565962534874,35.6309286568354,-20.4928258270227,1056,"NaN","Frontal Medial Cortex","Left Cerebral Cortex","NaN","NaN","NaN",NA,NA,"Frontal Lobe","Frontal Medial Cortex L","Limbic","Frontal Medial Cortex L","Intero","Front Medial Cort L"
"Schaefer_Left-Limbic-TempPole-1",-29.4059475382242,-5.73348295693646,-38.7454060878104,1057,"GM Hippocampus entorhinal cortex L","Temporal Fusiform Cortex, anterior division","Left Cerebral Cortex","NaN","NaN","NaN",NA,NA,"Temporal Lobe","Temporal Fusiform Cortex Ant L","Limbic","Hippocampus entorhinal cortex L","Limbic","Temp Fusif Cort Ant L"
"Schaefer_Left-Limbic-TempPole-2",-45.4470660146699,-20.4638141809291,-30.4264058679707,1058,"NaN","Inferior Temporal Gyrus, posterior division","Left Cerebral Cortex","NaN","NaN","NaN",NA,NA,"Temporal Lobe","Inferior Temporal Gyrus Post L","Limbic","Inferior Temporal Gyrus Post L","Limbic","Inf Temp Gyr Post L"
"Schaefer_Left-Limbic-TempPole-3",-27.6088759850684,9.97158855246786,-34.0338034010784,1059,"NaN","Temporal Pole","Left Cerebral Cortex","NaN","Inferior longitudinal fasciculus L","NaN",NA,NA,"Temporal Lobe","Temporal Pole L","Limbic","Temporal Pole L","Limbic","Temp Pole L"
"Schaefer_Left-Limbic-TempPole-4",-42.3975983989326,7.95130086724484,-18.940960640427,1060,"NaN","Temporal Pole","Left Cerebral Cortex","NaN","Uncinate fasciculus L","NaN",NA,NA,"Temporal Lobe","Temporal Pole L","Limbic","Temporal Pole L","Limbic","Temp Pole L"
"Schaefer_Left-Cont-Par-1",-52.8122270742358,-50.9825327510917,46.1967794759825,1061,"GM Inferior parietal lobule PFm L","Supramarginal Gyrus, posterior division","Left Cerebral Cortex","NaN","Superior longitudinal fasciculus L","NaN",NA,NA,"Parietal Lobe","Supramarginal Gyrus Post L","Cont","Inferior parietal lobule PFm L","Cont","Supramarg Gyr Post L"
"Schaefer_Left-Cont-Par-2",-34.8110127826942,-62.207866273353,47.983087512291,1062,"GM Superior parietal lobule 7A L","Lateral Occipital Cortex, superior division","Left Cerebral Cortex","NaN","NaN","NaN",NA,NA,"Parietal Lobe","Lateral Occipital Cortex Sup L","Cont","Superior parietal lobule 7A L","Cont","Lat Occip Cort Sup L"
"Schaefer_Left-Cont-Par-3",-45.290078556881,-41.7195228396858,46.4748327029386,1063,"GM Anterior intra-parietal sulcus hIP2 L","Supramarginal Gyrus, posterior division","Left Cerebral Cortex","NaN","NaN","NaN",NA,NA,"Parietal Lobe","Supramarginal Gyrus Post L","Cont","Anterior intra-parietal sulcus hIP2 L","Cont","Supramarg Gyr Post L"
"Schaefer_Left-Cont-Temp-1",-60.8600173460538,-42.7909800520382,-13.3427580225499,1064,"NaN","Middle Temporal Gyrus, temporooccipital part","Left Cerebral Cortex","NaN","NaN","NaN",NA,NA,"Temporal Lobe","Middle Temporal Gyrus TempOcci L","Cont","Middle Temporal Gyrus TempOcci L","Cont","Mid Temp Gyr TempOcci L"
"Schaefer_Left-Cont-OFC-1",-31.8145572554474,42.512749188688,-13.4510894761242,1065,"NaN","Frontal Pole","Left Cerebral Cortex","NaN","Uncinate fasciculus L","NaN",NA,NA,"Frontal Lobe","Frontal Pole L","Cont","Frontal Pole L","Cont","Front Pole L"
"Schaefer_Left-Cont-PFCl-1",-41.9043637846656,49.3148450244698,-5.81097063621533,1066,"NaN","Frontal Pole","Left Cerebral Cortex","NaN","Inferior fronto-occipital fasciculus L","NaN",NA,NA,"Frontal Lobe","Frontal Pole L","Cont","Frontal Pole L","Cont","Front Pole L"
"Schaefer_Left-Cont-PFCl-2",-27.5910173528411,57.9875808097993,7.92429397754339,1067,"NaN","Frontal Pole","Left Cerebral Cortex","NaN","NaN","NaN",NA,NA,"Frontal Lobe","Frontal Pole L","Cont","Frontal Pole L","Cont","Front Pole L"
"Schaefer_Left-Cont-PFCl-3",-41.827728139745,40.1325168155808,16.3372151390423,1068,"GM Broca's area BA45 L","Frontal Pole","Left Cerebral Cortex","NaN","Anterior thalamic radiation L","NaN",NA,NA,"Frontal Lobe","Frontal Pole L","Cont","Broca's area BA45 L","Cont","Front Pole L"
"Schaefer_Left-Cont-PFCl-4",-44.282508453735,20.0734706424839,27.4140793114049,1069,"GM Broca's area BA45 L","Middle Frontal Gyrus","Left Cerebral Cortex","NaN","NaN","NaN",NA,NA,"Frontal Lobe","Middle Frontal Gyrus L","Cont","Broca's area BA45 L","Cont","Mid Front Gyr L"
"Schaefer_Left-Cont-PFCl-5",-42.6398881640261,5.87120223671948,43.5041938490214,1070,"GM Broca's area BA44 L","Middle Frontal Gyrus","Left Cerebral Cortex","NaN","NaN","NaN",NA,NA,"Frontal Lobe","Middle Frontal Gyrus L","Cont","Broca's area BA44 L","Cont","Mid Front Gyr L"
"Schaefer_Left-Cont-pCun-1",-9.67761857707509,-73.1082015810277,37.5666996047431,1071,"GM Superior parietal lobule 7A L","Precuneous Cortex","Left Cerebral White Matter","NaN","NaN","NaN",NA,NA,"Occipital Lobe","Precuneous Cortex L","Cont","Superior parietal lobule 7A L","Cont","Precuneous Cort L"
"Schaefer_Left-Cont-Cing-1",-5.03153153153153,-29.2631917631918,26.7979407979408,1072,"WM Callosal body","Cingulate Gyrus, posterior division","Left Cerebral White Matter","Unclassified","NaN","NaN",NA,NA,"Parietal Lobe","Cingulate Gyrus Post L","Cont","Callosal body","Intero","Cingu Gyr Post L"
"Schaefer_Left-Cont-Cing-2",-3.83781278962002,4.71269694161259,28.9925857275255,1073,"WM Callosal body","Cingulate Gyrus, anterior division","Left Cerebral White Matter","NaN","Cingulum (cingulate gyrus) L","NaN",NA,NA,"Frontal Lobe","Cingulate Gyrus Ant L","Cont","Callosal body","Intero","Cingu Gyr Ant L"
"Schaefer_Left-Default-Temp-1",-46.6906378600823,8.21430041152263,-32.4190329218107,1074,"NaN","Temporal Pole","Left Cerebral Cortex","NaN","Inferior longitudinal fasciculus L","NaN",NA,NA,"Temporal Lobe","Temporal Pole L","Default","Temporal Pole L","Default","Temp Pole L"
"Schaefer_Left-Default-Temp-2",-60.315585046124,-18.9461077844311,-22.3924583265901,1075,"NaN","Middle Temporal Gyrus, posterior division","Left Cerebral Cortex","NaN","NaN","NaN",NA,NA,"Temporal Lobe","Middle Temporal Gyrus Post L","Default","Middle Temporal Gyrus Post L","Default","Mid Temp Gyr Post L"
"Schaefer_Left-Default-Temp-3",-56.4336641420736,-5.93013841734134,-12.1918255419169,1076,"NaN","Superior Temporal Gyrus, anterior division","Left Cerebral Cortex","NaN","NaN","NaN",NA,NA,"Temporal Lobe","Superior Temporal Gyrus Ant L","Default","Superior Temporal Gyrus Ant L","Default","Sup Temp Gyr Ant L"
"Schaefer_Left-Default-Temp-4",-57.9162371134021,-30.5051546391753,-3.54284793814433,1077,"NaN","Middle Temporal Gyrus, posterior division","Left Cerebral Cortex","NaN","Superior longitudinal fasciculus L","NaN",NA,NA,"Temporal Lobe","Middle Temporal Gyrus Post L","Default","Middle Temporal Gyrus Post L","Default","Mid Temp Gyr Post L"
"Schaefer_Left-Default-Temp-5",-58.2331557505484,-41.890316515199,7.34080225634597,1078,"NaN","Supramarginal Gyrus, posterior division","Left Cerebral Cortex","NaN","NaN","NaN",NA,NA,"Temporal Lobe","Supramarginal Gyrus Post L","Default","Supramarginal Gyrus Post L","Default","Supramarg Gyr Post L"
"Schaefer_Left-Default-Par-1",-48.6869202226345,-57.4529220779221,17.8573747680891,1079,"GM Inferior parietal lobule Pga L","Angular Gyrus","Left Cerebral Cortex","NaN","Superior longitudinal fasciculus L","NaN",NA,NA,"Parietal Lobe","Angular Gyrus L","Default","Inferior parietal lobule Pga L","Default","Angular Gyr L"
"Schaefer_Left-Default-Par-2",-38.4653328050713,-79.3096275752773,31.5217908082409,1080,"GM Inferior parietal lobule PGp L","Lateral Occipital Cortex, superior division","Left Cerebral Cortex","NaN","NaN","NaN",NA,NA,"Occipital Lobe","Lateral Occipital Cortex Sup L","Default","Inferior parietal lobule PGp L","Default","Lat Occip Cort Sup L"
"Schaefer_Left-Default-Par-3",-57.0108628181254,-53.8913718187461,28.2247051520795,1081,"GM Inferior parietal lobule PFm L","Angular Gyrus","Left Cerebral Cortex","NaN","Superior longitudinal fasciculus L","NaN",NA,NA,"Parietal Lobe","Angular Gyrus L","Default","Inferior parietal lobule PFm L","Default","Angular Gyr L"
"Schaefer_Left-Default-Par-4",-45.7659524918491,-65.5803446669772,38.1599906846763,1082,"GM Inferior parietal lobule PGp L","Lateral Occipital Cortex, superior division","Left Cerebral Cortex","NaN","Superior longitudinal fasciculus L","NaN",NA,NA,"Parietal Lobe","Lateral Occipital Cortex Sup L","Default","Inferior parietal lobule PGp L","Default","Lat Occip Cort Sup L"
"Schaefer_Left-Default-PFC-1",-34.9303837282449,20.5858670580835,-12.9819668693646,1083,"NaN","Frontal Orbital Cortex","Left Cerebral Cortex","NaN","NaN","NaN",NA,NA,"Frontal Lobe","Frontal Orbital Cortex L","Default","Frontal Orbital Cortex L","Intero","Front Orbital Cort L"
"Schaefer_Left-Default-PFC-2",-5.98195876288659,35.8713683223993,-9.69892221180881,1084,"NaN","Paracingulate Gyrus","Left Cerebral Cortex","NaN","NaN","NaN",NA,NA,"Frontal Lobe","Paracingulate Gyrus L","Default","Paracingulate Gyrus L","Intero","Paracingu Gyr L"
"Schaefer_Left-Default-PFC-3",-45.8747826086957,30.9617391304348,-7.49014492753624,1085,"GM Broca's area BA45 L","Frontal Orbital Cortex","Left Cerebral Cortex","NaN","NaN","NaN",NA,NA,"Frontal Lobe","Frontal Orbital Cortex L","Default","Broca's area BA45 L","Intero","Front Orbital Cort L"
"Schaefer_Left-Default-PFC-4",-13.4879581151832,62.8015125072717,-5.53996509598603,1086,"NaN","Frontal Pole","Left Cerebral Cortex","NaN","Forceps minor","NaN",NA,NA,"Frontal Lobe","Frontal Pole L","Default","Frontal Pole L","Default","Front Pole L"
"Schaefer_Left-Default-PFC-5",-51.3154691211401,22.5672505938242,7.89667458432304,1087,"GM Broca's area BA45 L","Inferior Frontal Gyrus, pars triangularis","Left Cerebral Cortex","NaN","Anterior thalamic radiation L","NaN",NA,NA,"Frontal Lobe","Inferior Frontal Gyrus ParsTri L","Default","Broca's area BA45 L","Default","Inf Front Gyr ParsTri L"
"Schaefer_Left-Default-PFC-6",-6.73263027295286,44.4873862696443,7.68631100082713,1088,"NaN","Paracingulate Gyrus","Left Cerebral Cortex","NaN","Cingulum (cingulate gyrus) L","NaN",NA,NA,"Frontal Lobe","Paracingulate Gyrus L","Default","Paracingulate Gyrus L","Intero","Paracingu Gyr L"
"Schaefer_Left-Default-PFC-7",-8.86059261193056,58.7463777574729,19.9094113040073,1089,"NaN","Frontal Pole","Left Cerebral Cortex","NaN","Forceps minor","NaN",NA,NA,"Frontal Lobe","Frontal Pole L","Default","Frontal Pole L","Default","Front Pole L"
"Schaefer_Left-Default-PFC-8",-6.03211517165006,30.0883720930233,24.6950166112957,1090,"NaN","Cingulate Gyrus, anterior division","Left Cerebral Cortex","NaN","Cingulum (cingulate gyrus) L","NaN",NA,NA,"Frontal Lobe","Cingulate Gyrus Ant L","Default","Cingulate Gyrus Ant L","Intero","Cingu Gyr Ant L"
"Schaefer_Left-Default-PFC-9",-11.366174639872,46.4705673128223,45.037702294149,1091,"NaN","Frontal Pole","Left Cerebral Cortex","NaN","Anterior thalamic radiation L","NaN",NA,NA,"Frontal Lobe","Frontal Pole L","Default","Frontal Pole L","Default","Front Pole L"
"Schaefer_Left-Default-PFC-10",-4.17104406338181,32.6520512263946,43.5984371608422,1092,"NaN","Superior Frontal Gyrus","Left Cerebral Cortex","NaN","NaN","NaN",NA,NA,"Frontal Lobe","Superior Frontal Gyrus L","Default","Superior Frontal Gyrus L","Default","Sup Front Gyr L"
"Schaefer_Left-Default-PFC-11",-39.8327325162221,18.8922134102379,49.182408074982,1093,"GM Broca's area BA44 L","Middle Frontal Gyrus","Left Cerebral Cortex","NaN","NaN","NaN",NA,NA,"Frontal Lobe","Middle Frontal Gyrus L","Default","Broca's area BA44 L","Default","Mid Front Gyr L"
"Schaefer_Left-Default-PFC-12",-23.6279405397604,24.8693895222976,49.012411603406,1094,"NaN","Superior Frontal Gyrus","Left Cerebral Cortex","NaN","NaN","NaN",NA,NA,"Frontal Lobe","Superior Frontal Gyrus L","Default","Superior Frontal Gyrus L","Default","Sup Front Gyr L"
"Schaefer_Left-Default-PFC-13",-9.62511576217818,17.1146508612706,63.2880162993147,1095,"GM Premotor cortex BA6 L","Superior Frontal Gyrus","Left Cerebral Cortex","NaN","NaN","NaN",NA,NA,"Frontal Lobe","Superior Frontal Gyrus L","Default","Premotor cortex BA6 L","Default","Sup Front Gyr L"
"Schaefer_Left-Default-pCunPCC-1",-11.1979475484607,-55.9347776510832,13.2962371721779,1096,"NaN","Precuneous Cortex","Left Cerebral Cortex","NaN","Cingulum (hippocampus) L","NaN",NA,NA,"Parietal Lobe","Precuneous Cortex L","Default","Precuneous Cortex L","Default","Precuneous Cort L"
"Schaefer_Left-Default-pCunPCC-2",-5.95390214314598,-54.6595228467448,27.129801860089,1097,"NaN","Cingulate Gyrus, posterior division","Left Cerebral Cortex","NaN","NaN","NaN",NA,NA,"Parietal Lobe","Cingulate Gyrus Post L","Default","Cingulate Gyrus Post L","Intero","Cingu Gyr Post L"
"Schaefer_Left-Default-pCunPCC-3",-4.32820692065711,-30.093324012583,36.5162530583712,1098,"NaN","Cingulate Gyrus, posterior division","Left Cerebral Cortex","NaN","NaN","NaN",NA,NA,"Parietal Lobe","Cingulate Gyrus Post L","Default","Cingulate Gyrus Post L","Intero","Cingu Gyr Post L"
"Schaefer_Left-Default-pCunPCC-4",-6.70108205590623,-54.2867448151488,41.8403967538323,1099,"GM Superior parietal lobule 7P L","Precuneous Cortex","Left Cerebral Cortex","NaN","Cingulum (cingulate gyrus) L","NaN",NA,NA,"Parietal Lobe","Precuneous Cortex L","Default","Superior parietal lobule 7P L","Default","Precuneous Cort L"
"Schaefer_Left-Default-PHC-1",-25.8396819526627,-31.7093195266272,-17.7893860946746,1100,"GM Hippocampus cornu ammonis L","Parahippocampal Gyrus, posterior division","Left Cerebral Cortex","NaN","Cingulum (hippocampus) L","NaN",NA,NA,"Temporal Lobe","Parahippocampal Gyrus Post L","Default","Hippocampus cornu ammonis L","Default","Parahippocampal Gyr Post L"
"Schaefer_Right-Vis-1",38.6143212177695,-34.8199751475614,-22.9346070208139,2001,"NaN","Temporal Fusiform Cortex, posterior division","Right Cerebral Cortex","NaN","NaN","NaN",NA,NA,"Temporal Lobe","Temporal Fusiform Cortex Post R","Vis","Temporal Fusiform Cortex Post R","Vis","Temp Fusif Cort Post R"
"Schaefer_Right-Vis-2",27.3866543095459,-35.3102873030584,-14.6164967562558,2002,"NaN","Parahippocampal Gyrus, posterior division","Right Cerebral Cortex","NaN","NaN","NaN",NA,NA,"Temporal Lobe","Parahippocampal Gyrus Post R","Vis","Parahippocampal Gyrus Post R","Vis","Parahippocampal Gyr Post R"
"Schaefer_Right-Vis-3",28.4917411581811,-68.5912359113875,-12.3998251068791,2003,"GM Visual cortex V4 R","Occipital Fusiform Gyrus","Right Cerebral Cortex","NaN","NaN","NaN",NA,NA,"Occipital Lobe","Occipital Fusiform Gyrus R","Vis","Visual cortex V4 R","Vis","Occip Fusif Gyr R"
"Schaefer_Right-Vis-4",12.2704257767549,-64.1952435749904,-4.47794399693134,2004,"GM Visual cortex V2 BA18 R","Lingual Gyrus","Right Cerebral Cortex","NaN","NaN","NaN",NA,NA,"Occipital Lobe","Lingual Gyrus R","Vis","Visual cortex V2 BA18 R","Vis","Lingual Gyr R"
"Schaefer_Right-Vis-5",48.4977957384276,-71.7511021307862,-6.09680382072006,2005,"NaN","Lateral Occipital Cortex, inferior division","Right Cerebral Cortex","NaN","Inferior longitudinal fasciculus R","NaN",NA,NA,"Occipital Lobe","Lateral Occipital Cortex Inf R","Vis","Lateral Occipital Cortex Inf R","Vis","Lat Occip Cort Inf R"
"Schaefer_Right-Vis-6",11.3613206380611,-92.1430691232843,-4.99703227402003,2006,"GM Visual cortex V1 BA17 R","Occipital Pole","Right Cerebral Cortex","NaN","Forceps major","NaN",NA,NA,"Occipital Lobe","Occipital Pole R","Vis","Visual cortex V1 BA17 R","Vis","Occip Pole R"
"Schaefer_Right-Vis-7",16.1913664174031,-46.1978246091094,-1.47858599592114,2007,"GM Visual cortex V1 BA17 R","Lingual Gyrus","Right Cerebral Cortex","NaN","Cingulum (hippocampus) R","NaN",NA,NA,"Parietal Lobe","Lingual Gyrus R","Vis","Visual cortex V1 BA17 R","Vis","Lingual Gyr R"
"Schaefer_Right-Vis-8",30.3641908862576,-93.4277000358809,-3.96806602081091,2008,"GM Visual cortex V3V R","Occipital Pole","Right Cerebral Cortex","NaN","Inferior fronto-occipital fasciculus R","NaN",NA,NA,"Occipital Lobe","Occipital Pole R","Vis","Visual cortex V3V R","Vis","Occip Pole R"
"Schaefer_Right-Vis-9",-1,-76,-3.5,2009,"GM Visual cortex V1 BA17 L","Lingual Gyrus","Left Cerebral Cortex","NaN","NaN","NaN",NA,NA,"Occipital Lobe","Lingual Gyrus L","Vis","Visual cortex V1 BA17 L","Vis","Lingual Gyr L"
"Schaefer_Right-Vis-10",21.4847890088322,-59.789335950278,7.49754661432777,2010,"GM Visual cortex V1 BA17 R","Intracalcarine Cortex","Right Cerebral Cortex","NaN","NaN","NaN",NA,NA,"Parietal Lobe","Intracalcarine Cortex R","Vis","Visual cortex V1 BA17 R","Vis","Intracalcarine Cort R"
"Schaefer_Right-Vis-11",42.2732793522267,-79.7528524107472,9.66967243283032,2011,"NaN","Lateral Occipital Cortex, inferior division","Right Cerebral Cortex","NaN","NaN","NaN",NA,NA,"Occipital Lobe","Lateral Occipital Cortex Inf R","Vis","Lateral Occipital Cortex Inf R","Vis","Lat Occip Cort Inf R"
"Schaefer_Right-Vis-12",19.4228046074184,-90.2229736869914,21.3533763077248,2012,"GM Visual cortex V2 BA18 R","Occipital Pole","Right Cerebral White Matter","NaN","Forceps major","NaN",NA,NA,"Occipital Lobe","Occipital Pole R","Vis","Visual cortex V2 BA18 R","Vis","Occip Pole R"
"Schaefer_Right-Vis-13",11.2874130991584,-73.7151481888035,25.4112696670326,2013,"GM Visual cortex V2 BA18 R","Cuneal Cortex","Right Cerebral Cortex","NaN","NaN","NaN",NA,NA,"Occipital Lobe","Cuneal Cortex R","Vis","Visual cortex V2 BA18 R","Vis","Cuneal Cort R"
"Schaefer_Right-Vis-14",16.3096705062952,-84.6383605679079,39.3961960889365,2014,"NaN","Lateral Occipital Cortex, superior division","Right Cerebral Cortex","NaN","NaN","NaN",NA,NA,"Occipital Lobe","Lateral Occipital Cortex Sup R","Vis","Lateral Occipital Cortex Sup R","Vis","Lat Occip Cort Sup R"
"Schaefer_Right-Vis-15",32.4040528093337,-74.5638624501075,31.8358919250844,2015,"GM Inferior parietal lobule PGp R","Lateral Occipital Cortex, superior division","Right Cerebral Cortex","NaN","Inferior fronto-occipital fasciculus R","NaN",NA,NA,"Parietal Lobe","Lateral Occipital Cortex Sup R","Vis","Inferior parietal lobule PGp R","Vis","Lat Occip Cort Sup R"
"Schaefer_Right-SomMot-1",51.7990155865463,-14.6587366694012,5.45611156685808,2016,"GM Primary auditory cortex TE1.0 R","Heschl's Gyrus (includes H1 and H2)","Right Cerebral Cortex","NaN","NaN","NaN",NA,NA,"Temporal Lobe","Heschl's Gyrus  R","SomMot","Primary auditory cortex TE1.0 R","SomMot","Heschl's Gyr  R"
"Schaefer_Right-SomMot-2",63.7708628005658,-23.4497878359264,7.39603960396039,2017,"NaN","Planum Temporale","Right Cerebral White Matter","NaN","NaN","NaN",NA,NA,"Temporal Lobe","Planum Temporale R","SomMot","Planum Temporale R","SomMot","Planum Temp R"
"Schaefer_Right-SomMot-3",38.3178607467205,-13.3952236797847,14.4947864110326,2018,"GM Secondary somatosensory cortex / Parietal operculum OP2 R","Insular Cortex","Right Cerebral Cortex","NaN","NaN","NaN",NA,NA,"Insula","Insular Cortex R","SomMot","Secondary somatosensory cortex OP2 R","Intero","Insular Cort R"
"Schaefer_Right-SomMot-4",43.8562558211736,-26.6724619683328,18.2312946289972,2019,"GM Secondary somatosensory cortex / Parietal operculum OP1 R","Parietal Operculum Cortex","Right Cerebral Cortex","NaN","NaN","NaN",NA,NA,"Parietal Lobe","Parietal Operculum Cortex R","SomMot","Secondary somatosensory cortex OP1 R","SomMot","Pariet Operc Cort R"
"Schaefer_Right-SomMot-5",58.8157058556514,0.45528824330458,10.8474807081253,2020,"GM Secondary somatosensory cortex / Parietal operculum OP4 R","Precentral Gyrus","Right Cerebral Cortex","NaN","Superior longitudinal fasciculus R","NaN",NA,NA,"Frontal Lobe","Precentral Gyrus R","SomMot","Secondary somatosensory cortex OP4 R","SomMot","Precent Gyr R"
"Schaefer_Right-SomMot-6",56.6382450331126,-11.5355960264901,14.6415562913907,2021,"GM Secondary somatosensory cortex / Parietal operculum OP4 R","Central Opercular Cortex","Right Cerebral Cortex","NaN","NaN","NaN",NA,NA,"Parietal Lobe","Central Opercular Cortex R","SomMot","Secondary somatosensory cortex OP4 R","Intero","Cent Operc Cort R"
"Schaefer_Right-SomMot-7",57.5735270637075,-4.98818457608175,30.3367395816701,2022,"GM Primary somatosensory cortex BA3b R","Postcentral Gyrus","Right Cerebral Cortex","NaN","Superior longitudinal fasciculus R","NaN",NA,NA,"Parietal Lobe","Postcentral Gyrus R","SomMot","Primary somatosensory cortex BA3b R","Intero","Postcent Gyr R"
"Schaefer_Right-SomMot-8",9.32845953002611,-15.2642297650131,41.1498694516971,2023,"GM Premotor cortex BA6 R","Cingulate Gyrus, posterior division","Right Cerebral Cortex","NaN","Cingulum (cingulate gyrus) R","NaN",NA,NA,"Frontal Lobe","Cingulate Gyrus Post R","SomMot","Premotor cortex BA6 R","Intero","Cingu Gyr Post R"
"Schaefer_Right-SomMot-9",50.7971520687802,-22.5386888769479,52.0615260612574,2024,"GM Primary somatosensory cortex BA2 R","Postcentral Gyrus","Right Cerebral Cortex","NaN","NaN","NaN",NA,NA,"Parietal Lobe","Postcentral Gyrus R","SomMot","Primary somatosensory cortex BA2 R","Intero","Postcent Gyr R"
"Schaefer_Right-SomMot-10",46.8150598613737,-10.8210459987398,48.2114051669817,2025,"GM Primary motor cortex BA4a R","Precentral Gyrus","Right Cerebral Cortex","NaN","Superior longitudinal fasciculus R","NaN",NA,NA,"Frontal Lobe","Precentral Gyrus R","SomMot","Primary motor cortex BA4a R","SomMot","Precent Gyr R"
"Schaefer_Right-SomMot-11",6.87516600265604,-11.1277556440903,51.591235059761,2026,"GM Premotor cortex BA6 R","Juxtapositional Lobule Cortex (formerly Supplementary Motor Cortex)","Right Cerebral Cortex","NaN","NaN","NaN",NA,NA,"Frontal Lobe","Juxtapositional Lobule Cortex  R","SomMot","Premotor cortex BA6 R","SomMot","Juxtapos Lob Cort  R"
"Schaefer_Right-SomMot-12",39.2177108855443,-23.6604830241512,57.2831641582079,2027,"GM Primary motor cortex BA4a R","Postcentral Gyrus","Right Cerebral Cortex","NaN","NaN","NaN",NA,NA,"Frontal Lobe","Postcentral Gyrus R","SomMot","Primary motor cortex BA4a R","Intero","Postcent Gyr R"
"Schaefer_Right-SomMot-13",31.8907029478458,-40.5936507936508,63.5977324263038,2028,"GM Primary somatosensory cortex BA2 R","Superior Parietal Lobule","Right Cerebral Cortex","NaN","Superior longitudinal fasciculus R","NaN",NA,NA,"Parietal Lobe","Superior Parietal Lobule R","SomMot","Primary somatosensory cortex BA2 R","SomMot","Sup Pariet Lob R"
"Schaefer_Right-SomMot-14",32.1585027726433,-19.7502310536044,64.2206561922366,2029,"GM Premotor cortex BA6 R","Precentral Gyrus","Right Cerebral White Matter","NaN","Corticospinal tract R","NaN",NA,NA,"Frontal Lobe","Precentral Gyrus R","SomMot","Premotor cortex BA6 R","SomMot","Precent Gyr R"
"Schaefer_Right-SomMot-15",28.8677433435181,-34.0235704932344,65.0253164556962,2030,"GM Primary somatosensory cortex BA3b R","Postcentral Gyrus","Right Cerebral Cortex","NaN","Superior longitudinal fasciculus R","NaN",NA,NA,"Parietal Lobe","Postcentral Gyrus R","SomMot","Primary somatosensory cortex BA3b R","Intero","Postcent Gyr R"
"Schaefer_Right-SomMot-16",22.318269602163,-8.82387022016222,67.1531479335651,2031,"GM Premotor cortex BA6 R","Superior Frontal Gyrus","Right Cerebral Cortex","NaN","NaN","NaN",NA,NA,"Frontal Lobe","Superior Frontal Gyrus R","SomMot","Premotor cortex BA6 R","SomMot","Sup Front Gyr R"
"Schaefer_Right-SomMot-17",10.2639783124365,-39.0257539817011,68.9074889867841,2032,"GM Primary somatosensory cortex BA3b R","Postcentral Gyrus","Right Cerebral Cortex","NaN","Corticospinal tract R","NaN",NA,NA,"Frontal Lobe","Postcentral Gyrus R","SomMot","Primary somatosensory cortex BA3b R","Intero","Postcent Gyr R"
"Schaefer_Right-SomMot-18",6.88278063486433,-23.390494768576,67.2746940946977,2033,"GM Premotor cortex BA6 R","Precentral Gyrus","Right Cerebral White Matter","NaN","NaN","NaN",NA,NA,"Frontal Lobe","Precentral Gyrus R","SomMot","Premotor cortex BA6 R","SomMot","Precent Gyr R"
"Schaefer_Right-SomMot-19",20.0635002581311,-29.5255549819308,69.7274135260712,2034,"GM Primary motor cortex BA4a R","Postcentral Gyrus","Right Cerebral Cortex","NaN","Corticospinal tract R","NaN",NA,NA,"Frontal Lobe","Postcentral Gyrus R","SomMot","Primary motor cortex BA4a R","Intero","Postcent Gyr R"
"Schaefer_Right-DorsAttn-Post-1",50.3494533221194,-53.1849243061396,-15.0999789739277,2035,"NaN","Inferior Temporal Gyrus, temporooccipital part","Right Cerebral Cortex","NaN","NaN","NaN",NA,NA,"Temporal Lobe","Inferior Temporal Gyrus TempOcci R","DorsAttn","Inferior Temporal Gyrus TempOcci R","DorsAttn","Inf Temp Gyr TempOcci R"
"Schaefer_Right-DorsAttn-Post-2",51.6875238458604,-59.6061299758362,9.43100597736233,2036,"GM Visual cortex V5 R","Middle Temporal Gyrus, temporooccipital part","Right Cerebral Cortex","NaN","NaN","NaN",NA,NA,"Occipital Lobe","Middle Temporal Gyrus TempOcci R","DorsAttn","Visual cortex V5 R","DorsAttn","Mid Temp Gyr TempOcci R"
"Schaefer_Right-DorsAttn-Post-3",59.6175220660346,-16.7701863354037,34.5191238966983,2037,"GM Inferior parietal lobule PFt R","Postcentral Gyrus","Right Cerebral Cortex","NaN","Superior longitudinal fasciculus R","NaN",NA,NA,"Parietal Lobe","Postcentral Gyrus R","DorsAttn","Inferior parietal lobule PFt R","Intero","Postcent Gyr R"
"Schaefer_Right-DorsAttn-Post-4",46.4163391353172,-36.9517125210556,48.6939921392476,2038,"GM Anterior intra-parietal sulcus hIP2 R","Supramarginal Gyrus, posterior division","Right Cerebral Cortex","NaN","NaN","NaN",NA,NA,"Parietal Lobe","Supramarginal Gyrus Post R","DorsAttn","Anterior intra-parietal sulcus hIP2 R","DorsAttn","Supramarg Gyr Post R"
"Schaefer_Right-DorsAttn-Post-5",41.5597889800704,-31.3783704572099,46.2520515826495,2039,"GM Primary somatosensory cortex BA2 R","Postcentral Gyrus","Right Cerebral Cortex","NaN","Superior longitudinal fasciculus R","NaN",NA,NA,"Parietal Lobe","Postcentral Gyrus R","DorsAttn","Primary somatosensory cortex BA2 R","Intero","Postcent Gyr R"
"Schaefer_Right-DorsAttn-Post-6",14.8374663072776,-73.0622641509434,52.9722371967655,2040,"GM Superior parietal lobule 7P R","Lateral Occipital Cortex, superior division","Right Cerebral Cortex","NaN","Anterior thalamic radiation R","NaN",NA,NA,"Parietal Lobe","Lateral Occipital Cortex Sup R","DorsAttn","Superior parietal lobule 7P R","DorsAttn","Lat Occip Cort Sup R"
"Schaefer_Right-DorsAttn-Post-7",34.6765698852127,-47.7976592392528,50.7373396353815,2041,"GM Anterior intra-parietal sulcus hIP3 R","Superior Parietal Lobule","Right Cerebral Cortex","NaN","Superior longitudinal fasciculus R","NaN",NA,NA,"Parietal Lobe","Superior Parietal Lobule R","DorsAttn","Anterior intra-parietal sulcus hIP3 R","DorsAttn","Sup Pariet Lob R"
"Schaefer_Right-DorsAttn-Post-8",26.3172581568403,-61.2007727532914,58.1010303377218,2042,"GM Superior parietal lobule 7A R","Lateral Occipital Cortex, superior division","Right Cerebral Cortex","NaN","NaN","NaN",NA,NA,"Parietal Lobe","Lateral Occipital Cortex Sup R","DorsAttn","Superior parietal lobule 7A R","DorsAttn","Lat Occip Cort Sup R"
"Schaefer_Right-DorsAttn-Post-9",8.3689713322091,-55.7765598650928,61.2188870151771,2043,"GM Superior parietal lobule 5L R","Precuneous Cortex","Right Cerebral Cortex","NaN","NaN","NaN",NA,NA,"Parietal Lobe","Precuneous Cortex R","DorsAttn","Superior parietal lobule 5L R","DorsAttn","Precuneous Cort R"
"Schaefer_Right-DorsAttn-Post-10",21.2524679689141,-48.0417979416089,70.4106280193237,2044,"GM Superior parietal lobule 5L R","Superior Parietal Lobule","Right Cerebral Cortex","NaN","NaN","NaN",NA,NA,"Parietal Lobe","Superior Parietal Lobule R","DorsAttn","Superior parietal lobule 5L R","DorsAttn","Sup Pariet Lob R"
"Schaefer_Right-DorsAttn-FEF-1",34.5069801616458,-4.46020083272104,52.4996326230713,2045,"GM Premotor cortex BA6 R","Precentral Gyrus","Right Cerebral Cortex","NaN","Superior longitudinal fasciculus R","NaN",NA,NA,"Frontal Lobe","Precentral Gyrus R","DorsAttn","Premotor cortex BA6 R","DorsAttn","Precent Gyr R"
"Schaefer_Right-DorsAttn-FEF-2",26.0102080879466,7.16627404789949,57.5818610129564,2046,"NaN","Superior Frontal Gyrus","Right Cerebral Cortex","NaN","NaN","NaN",NA,NA,"Frontal Lobe","Superior Frontal Gyrus R","DorsAttn","Superior Frontal Gyrus R","DorsAttn","Sup Front Gyr R"
"Schaefer_Right-DorsAttn-PrCv-1",51.2945297361753,10.5793709941869,20.2308838873155,2047,"GM Broca's area BA44 R","Inferior Frontal Gyrus, pars opercularis","Right Cerebral Cortex","NaN","Superior longitudinal fasciculus R","NaN",NA,NA,"Frontal Lobe","Inferior Frontal Gyrus ParsOper R","DorsAttn","Broca's area BA44 R","DorsAttn","Inf Front Gyr ParsOper R"
"Schaefer_Right-SalVentAttn-TempOccPar-1",56.8667176350663,-45.3453109072375,9.52140672782875,2048,"GM Inferior parietal lobule PFm R","Middle Temporal Gyrus, temporooccipital part","Right Cerebral Cortex","NaN","NaN","NaN",NA,NA,"Temporal Lobe","Middle Temporal Gyrus TempOcci R","SalVentAttn","Inferior parietal lobule PFm R","SalVentAttn","Mid Temp Gyr TempOcci R"
"Schaefer_Right-SalVentAttn-TempOccPar-2",60.1630605205393,-38.4992160551897,16.8015051740358,2049,"GM Inferior parietal lobule PF R","Supramarginal Gyrus, posterior division","Right Cerebral Cortex","NaN","NaN","NaN",NA,NA,"Parietal Lobe","Supramarginal Gyrus Post R","SalVentAttn","Inferior parietal lobule PF R","SalVentAttn","Supramarg Gyr Post R"
"Schaefer_Right-SalVentAttn-TempOccPar-3",60.1650239744273,-26.2212306872669,27.756925945658,2050,"GM Inferior parietal lobule PFcm R","Supramarginal Gyrus, anterior division","Right Cerebral Cortex","NaN","NaN","NaN",NA,NA,"Parietal Lobe","Supramarginal Gyrus Ant R","SalVentAttn","Inferior parietal lobule PFcm R","SalVentAttn","Supramarg Gyr Ant R"
"Schaefer_Right-SalVentAttn-PrC-1",51.0183686176837,3.69209215442092,40.1475716064757,2051,"GM Premotor cortex BA6 R","Precentral Gyrus","Right Cerebral Cortex","NaN","Superior longitudinal fasciculus (temporal part) R","NaN",NA,NA,"Frontal Lobe","Precentral Gyrus R","SalVentAttn","Premotor cortex BA6 R","SalVentAttn","Precent Gyr R"
"Schaefer_Right-SalVentAttn-FrOperIns-1",41.1256454388985,5.67263339070567,-15.0650602409639,2052,"NaN","Insular Cortex","Right Cerebral Cortex","NaN","Uncinate fasciculus R","NaN",NA,NA,"Temporal Lobe","Insular Cortex R","SalVentAttn","Insular Cortex R","Intero","Insular Cort R"
"Schaefer_Right-SalVentAttn-FrOperIns-2",46.3871718178797,-3.26653373213692,-4.30225988700565,2053,"GM Primary auditory cortex TE1.2 R","Planum Polare","Right Cerebral Cortex","NaN","NaN","NaN",NA,NA,"Insula","Planum Polare R","SalVentAttn","Primary auditory cortex TE1.2 R","SalVentAttn","Planum Polare R"
"Schaefer_Right-SalVentAttn-FrOperIns-3",35.9152086137281,23.6554508748318,4.80551816958277,2054,"NaN","Frontal Operculum Cortex","Right Cerebral Cortex","NaN","NaN","NaN",NA,NA,"Frontal Lobe","Frontal Operculum Cortex R","SalVentAttn","Frontal Operculum Cortex R","SalVentAttn","Front Operc Cort R"
"Schaefer_Right-SalVentAttn-FrOperIns-4",43.5472678747015,6.65290068829893,3.97626071077399,2055,"GM Secondary somatosensory cortex / Parietal operculum OP4 R","Central Opercular Cortex","Right Cerebral Cortex","NaN","NaN","NaN",NA,NA,"Frontal Lobe","Central Opercular Cortex R","SalVentAttn","Secondary somatosensory cortex OP4 R","Intero","Cent Operc Cort R"
"Schaefer_Right-SalVentAttn-Med-1",7.28309503784693,8.78183347350716,41.1655172413793,2056,"GM Premotor cortex BA6 R","Cingulate Gyrus, anterior division","Right Cerebral Cortex","NaN","NaN","NaN",NA,NA,"Frontal Lobe","Cingulate Gyrus Ant R","SalVentAttn","Premotor cortex BA6 R","Intero","Cingu Gyr Ant R"
"Schaefer_Right-SalVentAttn-Med-2",10.6191904047976,-35.767830370529,47.0368387234954,2057,"GM Superior parietal lobule 5Ci R","Precuneous Cortex","Right Cerebral Cortex","NaN","NaN","NaN",NA,NA,"Parietal Lobe","Precuneous Cortex R","SalVentAttn","Superior parietal lobule 5Ci R","SalVentAttn","Precuneous Cort R"
"Schaefer_Right-SalVentAttn-Med-3",8.5928345209818,3.56274742676169,65.4239904988123,2058,"GM Premotor cortex BA6 R","Juxtapositional Lobule Cortex (formerly Supplementary Motor Cortex)","Right Cerebral White Matter","NaN","NaN","NaN",NA,NA,"Frontal Lobe","Juxtapositional Lobule Cortex  R","SalVentAttn","Premotor cortex BA6 R","SalVentAttn","Juxtapos Lob Cort  R"
"Schaefer_Right-Limbic-OFC-1",11.9262877442274,38.8121669626998,-21.4233274126702,2059,"NaN","Frontal Pole","Right Cerebral Cortex","NaN","NaN","NaN",NA,NA,"Frontal Lobe","Frontal Pole R","Limbic","Frontal Pole R","Limbic","Front Pole R"
"Schaefer_Right-Limbic-OFC-2",28.3471929824561,22.2368421052632,-19.0043859649123,2060,"NaN","Frontal Orbital Cortex","Right Cerebral Cortex","NaN","NaN","NaN",NA,NA,"Frontal Lobe","Frontal Orbital Cortex R","Limbic","Frontal Orbital Cortex R","Intero","Front Orbital Cort R"
"Schaefer_Right-Limbic-OFC-3",14.9969638862256,64.4202620645574,-7.67178012144456,2061,"NaN","Frontal Pole","Right Cerebral Cortex","NaN","Anterior thalamic radiation R","NaN",NA,NA,"Frontal Lobe","Frontal Pole R","Limbic","Frontal Pole R","Limbic","Front Pole R"
"Schaefer_Right-Limbic-TempPole-1",29.857693578588,8.41623526820135,-37.5319969159599,2062,"GM Hippocampus entorhinal cortex R","Temporal Pole","Right Cerebral Cortex","NaN","NaN","NaN",NA,NA,"Temporal Lobe","Temporal Pole R","Limbic","Hippocampus entorhinal cortex R","Limbic","Temp Pole R"
"Schaefer_Right-Limbic-TempPole-2",46.8290759662372,-12.4798978231897,-35.0459795646379,2063,"NaN","Inferior Temporal Gyrus, posterior division","Right Cerebral Cortex","NaN","NaN","NaN",NA,NA,"Temporal Lobe","Inferior Temporal Gyrus Post R","Limbic","Inferior Temporal Gyrus Post R","Limbic","Inf Temp Gyr Post R"
"Schaefer_Right-Limbic-TempPole-3",25.2524650309562,-11.5961935335932,-31.3187342352671,2064,"% GM Hippocampus entorhinal cortex R","Parahippocampal Gyrus, anterior division","Right Cerebral White Matter","NaN","Cingulum (hippocampus) R","NaN",NA,NA,"Temporal Lobe","Parahippocampal Gyrus Ant R","Limbic","Hippocampus entorhinal cortex R","Limbic","Parahippocampal Gyr Ant R"
"Schaefer_Right-Cont-Par-1",61.9386751518658,-37.4324558866069,37.3795198148684,2065,"% GM Inferior parietal lobule PF R","Supramarginal Gyrus, posterior division","Right Cerebral Cortex","NaN","NaN","NaN",NA,NA,"Parietal Lobe","Supramarginal Gyrus Post R","Cont","Inferior parietal lobule PF R","Cont","Supramarg Gyr Post R"
"Schaefer_Right-Cont-Par-2",52.646934460888,-41.855028692238,48.3657505285412,2066,"GM Inferior parietal lobule PFm R","Supramarginal Gyrus, posterior division","Right Cerebral Cortex","NaN","Superior longitudinal fasciculus R","NaN",NA,NA,"Parietal Lobe","Supramarginal Gyrus Post R","Cont","Inferior parietal lobule PFm R","Cont","Supramarg Gyr Post R"
"Schaefer_Right-Cont-Par-3",37.5148367952522,-62.9030662710188,47.2853610286845,2067,"GM Anterior intra-parietal sulcus hIP3 R","Lateral Occipital Cortex, superior division","Right Cerebral Cortex","NaN","NaN","NaN",NA,NA,"Parietal Lobe","Lateral Occipital Cortex Sup R","Cont","Anterior intra-parietal sulcus hIP3 R","Cont","Lat Occip Cort Sup R"
"Schaefer_Right-Cont-Temp-1",62.6427249789739,-41.6785534062237,-11.6151387720774,2068,"NaN","Middle Temporal Gyrus, temporooccipital part","Right Cerebral Cortex","NaN","Superior longitudinal fasciculus (temporal part) R","NaN",NA,NA,"Temporal Lobe","Middle Temporal Gyrus TempOcci R","Cont","Middle Temporal Gyrus TempOcci R","Cont","Mid Temp Gyr TempOcci R"
"Schaefer_Right-Cont-PFCv-1",34.115866388309,21.1043841336117,-8.38726513569937,2069,"NaN","Insular Cortex","Right Cerebral Cortex","NaN","NaN","NaN",NA,NA,"Insula","Insular Cortex R","Cont","Insular Cortex R","Intero","Insular Cort R"
"Schaefer_Right-Cont-PFCl-1",35.2441830733828,46.2526208130913,-12.5411659422143,2070,"NaN","Frontal Pole","Right Cerebral Cortex","NaN","NaN","NaN",NA,NA,"Frontal Lobe","Frontal Pole R","Cont","Frontal Pole R","Cont","Front Pole R"
"Schaefer_Right-Cont-PFCl-2",29.4316957210777,58.2335974643423,5.14358161648177,2071,"NaN","Frontal Pole","Right Cerebral Cortex","NaN","Forceps minor","NaN",NA,NA,"Frontal Lobe","Frontal Pole R","Cont","Frontal Pole R","Cont","Front Pole R"
"Schaefer_Right-Cont-PFCl-3",43.2476584357134,45.0294368081742,10.2022868264201,2072,"NaN","Frontal Pole","Right Cerebral Cortex","NaN","Anterior thalamic radiation R","NaN",NA,NA,"Frontal Lobe","Frontal Pole R","Cont","Frontal Pole R","Cont","Front Pole R"
"Schaefer_Right-Cont-PFCl-4",45.2933410538506,22.8626519976839,25.9825130283729,2073,"GM Broca's area BA45 R","Middle Frontal Gyrus","Right Cerebral Cortex","NaN","NaN","NaN",NA,NA,"Frontal Lobe","Middle Frontal Gyrus R","Cont","Broca's area BA45 R","Cont","Mid Front Gyr R"
"Schaefer_Right-Cont-PFCl-5",29.7998069265114,48.1619403885604,27.0247375407264,2074,"NaN","Frontal Pole","Right Cerebral Cortex","NaN","NaN","NaN",NA,NA,"Frontal Lobe","Frontal Pole R","Cont","Frontal Pole R","Cont","Front Pole R"
"Schaefer_Right-Cont-PFCl-6",40.5154581225408,32.9210230466554,37.3355817875211,2075,"NaN","Middle Frontal Gyrus","Right Cerebral Cortex","NaN","NaN","NaN",NA,NA,"Frontal Lobe","Middle Frontal Gyrus R","Cont","Middle Frontal Gyrus R","Cont","Mid Front Gyr R"
"Schaefer_Right-Cont-PFCl-7",42.2196499153021,14.275211744777,48.8766798418972,2076,"NaN","Middle Frontal Gyrus","Right Cerebral Cortex","NaN","NaN","NaN",NA,NA,"Frontal Lobe","Middle Frontal Gyrus R","Cont","Middle Frontal Gyrus R","Cont","Mid Front Gyr R"
"Schaefer_Right-Cont-pCun-1",14.3429555084746,-69.71875,36.4483580508475,2077,"GM Superior parietal lobule 7P R","Precuneous Cortex","Right Cerebral Cortex","NaN","NaN","NaN",NA,NA,"Parietal Lobe","Precuneous Cortex R","Cont","Superior parietal lobule 7P R","Cont","Precuneous Cort R"
"Schaefer_Right-Cont-Cing-1",5.13027248973498,-25.1459499813363,30.5475923852184,2078,"WM Cingulum R","Cingulate Gyrus, posterior division","Right Cerebral Cortex","NaN","Cingulum (cingulate gyrus) R","NaN",NA,NA,"Parietal Lobe","Cingulate Gyrus Post R","Cont","Cingulum R","Intero","Cingu Gyr Post R"
"Schaefer_Right-Cont-Cing-2",4.80117340286832,3.6890482398957,29.4986962190352,2079,"WM Callosal body","Cingulate Gyrus, anterior division","Right Cerebral Cortex","Unclassified","NaN","NaN",NA,NA,"Frontal Lobe","Cingulate Gyrus Ant R","Cont","Callosal body","Intero","Cingu Gyr Ant R"
"Schaefer_Right-Cont-PFCmp-1",7.24715415782366,30.2978969708663,27.7914335327031,2080,"WM Cingulum R","Paracingulate Gyrus","Right Cerebral Cortex","NaN","NaN","NaN",NA,NA,"Frontal Lobe","Paracingulate Gyrus R","Cont","Cingulum R","Intero","Paracingu Gyr R"
"Schaefer_Right-Cont-PFCmp-2",7.7021600243383,25.6539397627016,54.5404624277457,2081,"GM Premotor cortex BA6 R","Superior Frontal Gyrus","Right Cerebral White Matter","NaN","NaN","NaN",NA,NA,"Frontal Lobe","Superior Frontal Gyrus R","Cont","Premotor cortex BA6 R","Cont","Sup Front Gyr R"
"Schaefer_Right-Default-Par-1",47.178891157531,-69.5201821894142,27.9103188314748,2082,"GM Inferior parietal lobule PGp R","Lateral Occipital Cortex, superior division","Right Cerebral Cortex","NaN","NaN","NaN",NA,NA,"Parietal Lobe","Lateral Occipital Cortex Sup R","Default","Inferior parietal lobule PGp R","Default","Lat Occip Cort Sup R"
"Schaefer_Right-Default-Par-2",54.4583516322647,-50.0587029717465,28.4072610159567,2083,"GM Inferior parietal lobule Pga R","Angular Gyrus","Right Cerebral Cortex","NaN","NaN","NaN",NA,NA,"Parietal Lobe","Angular Gyrus R","Default","Inferior parietal lobule Pga R","Default","Angular Gyr R"
"Schaefer_Right-Default-Par-3",50.8848293768546,-58.7525964391691,44.2188427299703,2084,"GM Inferior parietal lobule Pga R","Lateral Occipital Cortex, superior division","Right Cerebral Cortex","NaN","Superior longitudinal fasciculus R","NaN",NA,NA,"Parietal Lobe","Lateral Occipital Cortex Sup R","Default","Inferior parietal lobule Pga R","Default","Lat Occip Cort Sup R"
"Schaefer_Right-Default-Temp-1",47.0559903672487,12.8400963275135,-29.5572546658639,2085,"NaN","Temporal Pole","Right Cerebral Cortex","NaN","Inferior longitudinal fasciculus R","NaN",NA,NA,"Temporal Lobe","Temporal Pole R","Default","Temporal Pole R","Default","Temp Pole R"
"Schaefer_Right-Default-Temp-2",60.6549365692223,-12.9956977385549,-21.1523441809156,2086,"NaN","Middle Temporal Gyrus, posterior division","Right Cerebral White Matter","NaN","NaN","NaN",NA,NA,"Temporal Lobe","Middle Temporal Gyrus Post R","Default","Middle Temporal Gyrus Post R","Default","Mid Temp Gyr Post R"
"Schaefer_Right-Default-Temp-3",54.7515310586177,-6.20944881889764,-10.0034995625547,2087,"NaN","Superior Temporal Gyrus, anterior division","Right Cerebral Cortex","NaN","Inferior longitudinal fasciculus R","NaN",NA,NA,"Temporal Lobe","Superior Temporal Gyrus Ant R","Default","Superior Temporal Gyrus Ant R","Default","Sup Temp Gyr Ant R"
"Schaefer_Right-Default-Temp-4",62.4921218487395,-26.9461659663866,-5.38944327731092,2088,"NaN","Middle Temporal Gyrus, posterior division","Right Cerebral Cortex","NaN","NaN","NaN",NA,NA,"Temporal Lobe","Middle Temporal Gyrus Post R","Default","Middle Temporal Gyrus Post R","Default","Mid Temp Gyr Post R"
"Schaefer_Right-Default-Temp-5",52.193108974359,-31.363514957265,1.58814102564102,2089,"NaN","Superior Temporal Gyrus, posterior division","Right Cerebral Cortex","NaN","NaN","NaN",NA,NA,"Temporal Lobe","Superior Temporal Gyrus Post R","Default","Superior Temporal Gyrus Post R","Default","Sup Temp Gyr Post R"
"Schaefer_Right-Default-PFCv-1",50.9614930309473,27.917552563194,-0.00803212851405988,2090,"GM Broca's area BA45 R","Inferior Frontal Gyrus, pars triangularis","Right Cerebral Cortex","NaN","NaN","NaN",NA,NA,"Frontal Lobe","Inferior Frontal Gyrus ParsTri R","Default","Broca's area BA45 R","Default","Inf Front Gyr ParsTri R"
"Schaefer_Right-Default-PFCdPFCm-1",-1,43,-27,2091,"NaN","Frontal Medial Cortex","Left Cerebral Cortex","NaN","NaN","NaN",NA,NA,"Frontal Lobe","Frontal Medial Cortex L","Default","Frontal Medial Cortex L","Intero","Front Medial Cort L"
"Schaefer_Right-Default-PFCdPFCm-2",7.95639913232104,41.8731019522777,4.04945770065076,2092,"NaN","Cingulate Gyrus, anterior division","Right Cerebral Cortex","NaN","NaN","NaN",NA,NA,"Frontal Lobe","Cingulate Gyrus Ant R","Default","Cingulate Gyrus Ant R","Intero","Cingu Gyr Ant R"
"Schaefer_Right-Default-PFCdPFCm-3",5.82586558044807,28.7281059063137,15.1293279022403,2093,"WM Callosal body","Cingulate Gyrus, anterior division","Right Cerebral Cortex","NaN","Forceps minor","NaN",NA,NA,"Frontal Lobe","Cingulate Gyrus Ant R","Default","Callosal body","Intero","Cingu Gyr Ant R"
"Schaefer_Right-Default-PFCdPFCm-4",8.92394025727359,57.5052231718898,18.7808857808858,2094,"NaN","Frontal Pole","Right Cerebral White Matter","NaN","Forceps minor","NaN",NA,NA,"Frontal Lobe","Frontal Pole R","Default","Frontal Pole R","Default","Front Pole R"
"Schaefer_Right-Default-PFCdPFCm-5",15.0902536715621,45.9739652870494,43.8610146862483,2095,"NaN","Frontal Pole","Right Cerebral Cortex","NaN","NaN","NaN",NA,NA,"Frontal Lobe","Frontal Pole R","Default","Frontal Pole R","Default","Front Pole R"
"Schaefer_Right-Default-PFCdPFCm-6",28.3424299952539,29.8526340768866,42.9326056003797,2096,"NaN","Middle Frontal Gyrus","Right Cerebral Cortex","NaN","NaN","NaN",NA,NA,"Frontal Lobe","Middle Frontal Gyrus R","Default","Middle Frontal Gyrus R","Default","Mid Front Gyr R"
"Schaefer_Right-Default-PFCdPFCm-7",23.32559380838,24.3565519081932,52.8734987990392,2097,"GM Premotor cortex BA6 R","Superior Frontal Gyrus","Right Cerebral Cortex","NaN","NaN","NaN",NA,NA,"Frontal Lobe","Superior Frontal Gyrus R","Default","Premotor cortex BA6 R","Default","Sup Front Gyr R"
"Schaefer_Right-Default-pCunPCC-1",12.7748583204534,-54.5937660999485,15.0654301906234,2098,"GM Visual cortex V1 BA17 R","Precuneous Cortex","Right Cerebral Cortex","NaN","NaN","NaN",NA,NA,"Parietal Lobe","Precuneous Cortex R","Default","Visual cortex V1 BA17 R","Default","Precuneous Cort R"
"Schaefer_Right-Default-pCunPCC-2",6.58942065491183,-48.6744001060586,30.5933978523134,2099,"NaN","Cingulate Gyrus, posterior division","Right Cerebral Cortex","NaN","Cingulum (cingulate gyrus) R","NaN",NA,NA,"Parietal Lobe","Cingulate Gyrus Post R","Default","Cingulate Gyrus Post R","Intero","Cingu Gyr Post R"
"Schaefer_Right-Default-pCunPCC-3",6.38179019133494,-58.0580602595118,44.2766659335826,2100,"GM Superior parietal lobule 7A R","Precuneous Cortex","Right Cerebral Cortex","NaN","NaN","NaN",NA,NA,"Parietal Lobe","Precuneous Cortex R","Default","Superior parietal lobule 7A R","Default","Precuneous Cort R"
"Hypothalamus_L",-8.66229638458482,-6.92252681764005,-9.41835518474375,3000,"NaN","NaN","Left Cerebral White Matter","NaN","Anterior thalamic radiation L","NaN",NA,NA,"NaN","Hypothalamus L","Subcortical","Hypothalamus L","Subcortical","Hypothalamus L"
"Hypothalamus_R",9.1185046728972,-6.86990654205607,-9.65869158878505,3001,"NaN","NaN","Right Cerebral White Matter","NaN","Anterior thalamic radiation R","NaN",NA,NA,"NaN","Hypothalamus R","Subcortical","Hypothalamus R","Subcortical","Hypothalamus R"
"Amygdala_L",-22.7034802784223,-4.79118329466357,-19.8988399071926,4000,"GM Amygdala_laterobasal group L","Parahippocampal Gyrus, anterior division","Left Amygdala","NaN","NaN","NaN",NA,NA,"% Temporal Lobe","Amygdala L","Subcortical","Amygdala L","Subcortical","Amygdala L"
"Amygdala_R",23.588389349629,-3.4308162374509,-19.991270187691,4001,"GM Amygdala_laterobasal group R","NaN","Right Amygdala","NaN","NaN","NaN",NA,NA,"Temporal Lobe","Amygdala R","Subcortical","Amygdala R","Subcortical","Amygdala R"
"Hippocampus_L",-24.8553379658876,-23.2632133080648,-13.5045272688987,5000,"GM Hippocampus subiculum L","Parahippocampal Gyrus, posterior division","Left Hippocampus","NaN","NaN","NaN",NA,NA,"Temporal Lobe","Hippocampus L","Subcortical","Hippocampus L","Subcortical","Hippocampus L"
"Hippocampus_R",26.4344897959184,-21.7573469387755,-13.4940816326531,5001,"GM Hippocampus subiculum R","Parahippocampal Gyrus, posterior division","Right Hippocampus","NaN","NaN","NaN",NA,NA,"Temporal Lobe","Hippocampus R","Subcortical","Hippocampus R","Subcortical","Hippocampus R"
"Thalamus_L",-10.8597423146474,-19.2156419529837,6.1001356238698,6000,"NaN","NaN","% Left Thalamus","NaN","Anterior thalamic radiation L","Pre-frontal",NA,NA,"% Thalamus","Thalamus L","Subcortical","Thalamus L","Subcortical","Thalamus L"
"Thalamus_R",11.4729465824239,-17.0986789201608,6.21125789775991,6001,"NaN","NaN","% Right Thalamus","NaN","Anterior thalamic radiation R","Pre-frontal",NA,NA,"% Thalamus","Thalamus R","Subcortical","Thalamus R","Subcortical","Thalamus R"
"Striatum_Left-Accumbens-area",-7.81290322580645,10.7096774193548,-8.17204301075269,7000,"WM Cingulum L","NaN","Left Accumbens","NaN","Uncinate fasciculus L","NaN",NA,NA,"Caudate","Accumbens L","Subcortical","Accumbens L","Subcortical","Accumbens L"
"Striatum_Left-Caudate",-12.5195256593744,9.96892251073399,9.60355755469229,7001,"NaN","NaN","Left Caudate","NaN","Anterior thalamic radiation L","NaN",NA,NA,"Caudate","Caudate L","Subcortical","Caudate L","Subcortical","Caudate L"
"Striatum_Left-Pallidum",-20.4019379844961,-4.91162790697675,-1.20193798449613,7002,"NaN","NaN","% Left Pallidum","NaN","NaN","NaN",NA,NA,"NaN","Pallidum L","Subcortical","Pallidum L","Subcortical","Pallidum L"
"Striatum_Left-Putamen",-25.7677890724269,0.860069885641678,0.239517153748409,7003,"NaN","NaN","% Left Putamen","NaN","NaN","NaN",NA,NA,"Putamen","Putamen L","Subcortical","Putamen L","Subcortical","Putamen L"
"Striatum_Right-Accumbens-area",8.62606232294617,11.9957507082153,-7.60056657223797,7004,"WM Callosal body","NaN","Right Accumbens","NaN","NaN","NaN",NA,NA,"Caudate","Accumbens R","Subcortical","Accumbens R","Subcortical","Accumbens R"
"Striatum_Right-Caudate",13.5837428337428,11.6429156429157,9.3605651105651,7005,"NaN","NaN","Right Caudate","NaN","Anterior thalamic radiation R","NaN",NA,NA,"Caudate","Caudate R","Subcortical","Caudate R","Subcortical","Caudate R"
"Striatum_Right-Pallidum",21.2958602354728,-3.19673376376757,-1.40144322066084,7006,"NaN","NaN","Right Pallidum","NaN","NaN","NaN",NA,NA,"NaN","Pallidum R","Subcortical","Pallidum R","Subcortical","Pallidum R"
"Striatum_Right-Putamen",26.8210460965389,2.89057892286203,-0.448704019866526,7007,"NaN","NaN","% Right Putamen","NaN","NaN","NaN",NA,NA,"Putamen","Putamen R","Subcortical","Putamen R","Subcortical","Putamen R"
